﻿{
  "items": [
    {
      "id": 1,
      "name": "Triple Tango",
      "category": "pizza",
      "veg": true,
      "description": "A pure vegeatarian pizza with cheese, corn, jalapeno & red peppers.",
      "cost": {
        "small": 6,
        "medium": 8,
        "large": 10
      },
      "thumbUrl": "https://image.ibb.co/b9Ei2k/Veg_Triple_Tango.png",
      "posterUrl": "https://image.ibb.co/nyg7TQ/Veg_Triple_Tango.png"
    },
    {
      "id": 2,
      "name": "Paneer Deluxe",
      "category": "pizza",
      "veg": true,
      "description": "A pure vegeatarian pizza with paneer, mushroom, onion and bell peppers.",
      "cost": {
        "small": 6,
        "medium": 8,
        "large": 10
      },
      "thumbUrl": "https://image.ibb.co/eyDbNk/Veg_Paneer_Deluxe.png",
      "posterUrl": "https://image.ibb.co/fc6wNk/Veg_Paneer_Deluxe.png"
    },
    {
      "id": 3,
      "name": "Pacific Veg",
      "category": "pizza",
      "veg": true,
      "description": "A pure vegeatarian pizza with tomatoes, mushroom, onion and bell peppers.",
      "cost": {
        "small": 6,
        "medium": 8,
        "large": 10
      },
      "thumbUrl": "https://image.ibb.co/m9XE8Q/Veg_Pacific.png",
      "posterUrl": "https://image.ibb.co/k8732k/Veg_Pacific.png"
    },
    {
      "id": 4,
      "name": "Cloud Nine",
      "category": "pizza",
      "veg": true,
      "description": "A pure vegeatarian pizza with corn, paneer, onion, jalapeno & bell peppers.",
      "cost": {
        "small": 6,
        "medium": 8,
        "large": 10
      },
      "thumbUrl": "https://image.ibb.co/neYAhk/Veg_Cloud_Nine.png",
      "posterUrl": "https://image.ibb.co/g89u8Q/Veg_Cloud_Nine.png"
    },
    {
      "id": 5,
      "name": "Spicy Chicken",
      "category": "pizza",
      "veg": false,
      "description": "A chicken pizza with spicy chicken chunks, cheese & red peppers.",
      "cost": {
        "small": 8,
        "medium": 9,
        "large": 11
      },
      "thumbUrl": "https://image.ibb.co/h10Cv5/Non_Spicy_Chicken.png",
      "posterUrl": "https://image.ibb.co/kVPY2k/Non_Spicy_Chicken.png"
    },
    {
      "id": 6,
      "name": "Chicken Supreme",
      "category": "pizza",
      "veg": false,
      "description": "A chicken pizza with zesty chicken chunks, cheese, jalapeno, onion & bell peppers.",
      "cost": {
        "small": 8,
        "medium": 9,
        "large": 11
      },
      "thumbUrl": "https://image.ibb.co/bTRVhk/Non_Chicken_Supreme.png",
      "posterUrl": "https://image.ibb.co/fhQvF5/Non_Chicken_Supreme.png"
    },
    {
      "id": 7,
      "name": "BBQ Chicken",
      "category": "pizza",
      "veg": false,
      "description": "A chicken pizza with barbeque chicken, cheese & onions.",
      "cost": {
        "small": 8,
        "medium": 9,
        "large": 11
      },
      "thumbUrl": "https://image.ibb.co/mUWKa5/Non_bbq_Chicken.png",
      "posterUrl": "https://image.ibb.co/nm2aF5/Non_bbq_Chicken.png"
    },
    {
      "id": 8,
      "name": "Chicken Salami",
      "category": "pizza",
      "veg": false,
      "description": "A chicken pizza with chicken salami & cheese.",
      "cost": {
        "small": 8,
        "medium": 9,
        "large": 11
      },
      "thumbUrl": "https://image.ibb.co/chLqhk/Non_Chicken_Salami.png",
      "posterUrl": "https://image.ibb.co/ciPBoQ/Non_Chicken_Salami.png"
    },

    {
      "id": 9,
      "name": "Pasta Alfredo",
      "category": "side",
      "veg": true,
      "description": "A portion of pasta cooked in white alfredo sauce.",
      "cost": {
          "small": 6
      },
      "thumbUrl": "https://image.ibb.co/bVqqhk/Veg_Pasta_Alfredo.png",
      "posterUrl": "https://image.ibb.co/csyXv5/Veg_Pasta_Alfredo.png"
    },
    {
      "id": 10,
      "name": "Pasta Arrabiata",
      "category": "side",
      "veg": true,
      "description": "A portion of pasta cooked in red arrabiata sauce.",
      "cost": {
        "small": 6
      },
      "thumbUrl": "https://image.ibb.co/hvkCv5/Veg_Pasta_Arrabiata.png",
      "posterUrl": "https://image.ibb.co/egmKa5/Veg_Pasta_Arrabiata.png"
    },
    {
      "id": 11,
      "name": "Chicken Wings",
      "category": "side",
      "veg": false,
      "description": "A portion of fried chicken wings.",
      "cost": {
        "small": 6
      },
      "thumbUrl": "https://image.ibb.co/mWvea5/Non_Chicken_Wings.png",
      "posterUrl": "https://image.ibb.co/bxBVhk/Non_Chicken_Wings.png"
    },

    {
      "id": 12,
      "name": "Mountain Dew",
      "category": "drink",
      "veg": null,
      "description": "A green sweet soda drink.",
      "cost": {
        "small": 2,
        "large": 3
      },
      "thumbUrl": "https://image.ibb.co/i6fqhk/mtnDew.png",
      "posterUrl": "https://image.ibb.co/ca01oQ/mtnDew.png"
    },
    {
      "id": 13,
      "name": "Fanta",
      "category": "drink",
      "veg": null,
      "description": "An orange sweet soda drink.",
      "cost": {
        "small": 2,
        "large": 3
      },
      "thumbUrl": "https://image.ibb.co/domkF5/Fanta.png",
      "posterUrl": "https://image.ibb.co/gC0O2k/Fanta.png"
    },
    {
      "id": 14,
      "name": "Dr. Pepper",
      "category": "drink",
      "veg": null,
      "description": "An red sweet soda drink.",
      "cost": {
        "small": 2,
        "large": 3
      },
      "thumbUrl": "https://image.ibb.co/meDnTQ/DrPepper.png",
      "posterUrl": "https://image.ibb.co/j9hE8Q/DrPepper.png"
    }
  ]
}
